idna_subject,checker_type,destination,source,tested_at,session_id
0.0.0.0antispam.cryptopool.eu,AVAILABILITY,domains.list,domains.list,2021-03-25 01:07:10.375542,b28c9fc4dc533458064fcd87
0.0.0.0archiv.api.cryptopool.eu,AVAILABILITY,domains.list,domains.list,2021-03-25 01:07:11.646053,b28c9fc4dc533458064fcd87
0.0.0.0auth.api.cryptopool.eu,AVAILABILITY,domains.list,domains.list,2021-03-25 01:07:12.078215,b28c9fc4dc533458064fcd87
0.0.0.0authsmtp.cryptopool.eu,AVAILABILITY,domains.list,domains.list,2021-03-25 01:07:12.636695,b28c9fc4dc533458064fcd87
0.0.0.0autoconfig.cryptopool.eu,AVAILABILITY,domains.list,domains.list,2021-03-25 01:07:14.720656,b28c9fc4dc533458064fcd87
0.0.0.0bltz.api.cryptopool.eu,AVAILABILITY,domains.list,domains.list,2021-03-25 01:07:15.566077,b28c9fc4dc533458064fcd87
0.0.0.0box.api.cryptopool.eu,AVAILABILITY,domains.list,domains.list,2021-03-25 01:07:15.987271,b28c9fc4dc533458064fcd87
0.0.0.0comcoin.api.cryptopool.eu,AVAILABILITY,domains.list,domains.list,2021-03-25 01:07:16.403378,b28c9fc4dc533458064fcd87
0.0.0.0creat.api.cryptopool.eu,AVAILABILITY,domains.list,domains.list,2021-03-25 01:07:16.873683,b28c9fc4dc533458064fcd87
0.0.0.0cwy.api.cryptopool.eu,AVAILABILITY,domains.list,domains.list,2021-03-25 01:07:18.018049,b28c9fc4dc533458064fcd87
0.0.0.0direct.cryptopool.eu,AVAILABILITY,domains.list,domains.list,2021-03-25 01:07:18.490371,b28c9fc4dc533458064fcd87
0.0.0.0emo.api.cryptopool.eu,AVAILABILITY,domains.list,domains.list,2021-03-25 01:07:19.228680,b28c9fc4dc533458064fcd87
0.0.0.0gateway.cryptopool.eu,AVAILABILITY,domains.list,domains.list,2021-03-25 01:07:21.650447,b28c9fc4dc533458064fcd87
0.0.0.0gc.api.cryptopool.eu,AVAILABILITY,domains.list,domains.list,2021-03-25 01:07:22.776471,b28c9fc4dc533458064fcd87
0.0.0.0gw.api.cryptopool.eu,AVAILABILITY,domains.list,domains.list,2021-03-25 01:07:23.757421,b28c9fc4dc533458064fcd87
0.0.0.0hadoken.cryptopool.eu,AVAILABILITY,domains.list,domains.list,2021-03-25 01:07:24.340897,b28c9fc4dc533458064fcd87
0.0.0.0hosting.api.cryptopool.eu,AVAILABILITY,domains.list,domains.list,2021-03-25 01:07:25.453544,b28c9fc4dc533458064fcd87
0.0.0.0inf.api.cryptopool.eu,AVAILABILITY,domains.list,domains.list,2021-03-25 01:07:26.048912,b28c9fc4dc533458064fcd87
0.0.0.0ipe.cryptopool.eu,AVAILABILITY,domains.list,domains.list,2021-03-25 01:07:26.522141,b28c9fc4dc533458064fcd87
0.0.0.0lion.cryptopool.eu,AVAILABILITY,domains.list,domains.list,2021-03-25 01:07:27.107820,b28c9fc4dc533458064fcd87
0.0.0.0lmc.cryptopool.eu,AVAILABILITY,domains.list,domains.list,2021-03-25 01:07:27.699541,b28c9fc4dc533458064fcd87
0.0.0.0lnc.cryptopool.eu,AVAILABILITY,domains.list,domains.list,2021-03-25 01:07:28.679596,b28c9fc4dc533458064fcd87
0.0.0.0login.api.cryptopool.eu,AVAILABILITY,domains.list,domains.list,2021-03-25 01:07:29.848241,b28c9fc4dc533458064fcd87
0.0.0.0mail2.cryptopool.eu,AVAILABILITY,domains.list,domains.list,2021-03-25 01:07:30.328803,b28c9fc4dc533458064fcd87
0.0.0.0mail9.api.cryptopool.eu,AVAILABILITY,domains.list,domains.list,2021-03-25 01:07:31.457713,b28c9fc4dc533458064fcd87
0.0.0.0mail.nanopool.org,AVAILABILITY,domains.list,domains.list,2021-03-25 01:07:32.077612,b28c9fc4dc533458064fcd87
0.0.0.0mailer.api.cryptopool.eu,AVAILABILITY,domains.list,domains.list,2021-03-25 01:07:32.602840,b28c9fc4dc533458064fcd87
0.0.0.0mx2.cryptopool.eu,AVAILABILITY,domains.list,domains.list,2021-03-25 01:07:33.584569,b28c9fc4dc533458064fcd87
0.0.0.0mx4.api.cryptopool.eu,AVAILABILITY,domains.list,domains.list,2021-03-25 01:07:34.059055,b28c9fc4dc533458064fcd87
0.0.0.0mx7.api.cryptopool.eu,AVAILABILITY,domains.list,domains.list,2021-03-25 01:07:34.801481,b28c9fc4dc533458064fcd87
0.0.0.0mx10.api.cryptopool.eu,AVAILABILITY,domains.list,domains.list,2021-03-25 01:07:35.241975,b28c9fc4dc533458064fcd87
0.0.0.0mx.api.cryptopool.eu,AVAILABILITY,domains.list,domains.list,2021-03-25 01:07:35.817508,b28c9fc4dc533458064fcd87
0.0.0.0mx.cryptopool.eu,AVAILABILITY,domains.list,domains.list,2021-03-25 01:07:36.407944,b28c9fc4dc533458064fcd87
0.0.0.0mxs.api.cryptopool.eu,AVAILABILITY,domains.list,domains.list,2021-03-25 01:07:42.591107,b28c9fc4dc533458064fcd87
0.0.0.0nboxcoin.cryptopool.eu,AVAILABILITY,domains.list,domains.list,2021-03-25 01:07:43.009233,b28c9fc4dc533458064fcd87
0.0.0.0nciv.cryptopool.eu,AVAILABILITY,domains.list,domains.list,2021-03-25 01:07:44.137917,b28c9fc4dc533458064fcd87
0.0.0.0ncorgi.cryptopool.eu,AVAILABILITY,domains.list,domains.list,2021-03-25 01:07:45.328695,b28c9fc4dc533458064fcd87
0.0.0.0ncwy.cryptopool.eu,AVAILABILITY,domains.list,domains.list,2021-03-25 01:07:46.446052,b28c9fc4dc533458064fcd87
0.0.0.0nhdk.cryptopool.eu,AVAILABILITY,domains.list,domains.list,2021-03-25 01:07:47.040681,b28c9fc4dc533458064fcd87
0.0.0.0noreo.cryptopool.eu,AVAILABILITY,domains.list,domains.list,2021-03-25 01:07:48.973358,b28c9fc4dc533458064fcd87
0.0.0.0owa.api.cryptopool.eu,AVAILABILITY,domains.list,domains.list,2021-03-25 01:07:50.099287,b28c9fc4dc533458064fcd87
0.0.0.0pbrand.api.cryptopool.eu,AVAILABILITY,domains.list,domains.list,2021-03-25 01:07:51.220756,b28c9fc4dc533458064fcd87
0.0.0.0phi.cryptopool.eu,AVAILABILITY,domains.list,domains.list,2021-03-25 01:07:52.345324,b28c9fc4dc533458064fcd87
0.0.0.0poczta.api.cryptopool.eu,AVAILABILITY,domains.list,domains.list,2021-03-25 01:07:53.467861,b28c9fc4dc533458064fcd87
0.0.0.0poczta.cryptopool.eu,AVAILABILITY,domains.list,domains.list,2021-03-25 01:07:54.441489,b28c9fc4dc533458064fcd87
0.0.0.0postmaster.cryptopool.eu,AVAILABILITY,domains.list,domains.list,2021-03-25 01:07:55.816530,b28c9fc4dc533458064fcd87
0.0.0.0pwp.api.cryptopool.eu,AVAILABILITY,domains.list,domains.list,2021-03-25 01:07:56.953120,b28c9fc4dc533458064fcd87
0.0.0.0rdd.cryptopool.eu,AVAILABILITY,domains.list,domains.list,2021-03-25 01:07:57.377363,b28c9fc4dc533458064fcd87
0.0.0.0relay1.cryptopool.eu,AVAILABILITY,domains.list,domains.list,2021-03-25 01:07:58.350841,b28c9fc4dc533458064fcd87
0.0.0.0remote.cryptopool.eu,AVAILABILITY,domains.list,domains.list,2021-03-25 01:07:59.488508,b28c9fc4dc533458064fcd87
0.0.0.0rpd.cryptopool.eu,AVAILABILITY,domains.list,domains.list,2021-03-25 01:07:59.945943,b28c9fc4dc533458064fcd87
0.0.0.0secure.thor.cryptopool.eu,AVAILABILITY,domains.list,domains.list,2021-03-25 01:08:05.619722,b28c9fc4dc533458064fcd87
0.0.0.0service.api.cryptopool.eu,AVAILABILITY,domains.list,domains.list,2021-03-25 01:08:11.250114,b28c9fc4dc533458064fcd87
0.0.0.0shibe.api.cryptopool.eu,AVAILABILITY,domains.list,domains.list,2021-03-25 01:08:12.374682,b28c9fc4dc533458064fcd87
0.0.0.0sms.api.cryptopool.eu,AVAILABILITY,domains.list,domains.list,2021-03-25 01:08:13.500446,b28c9fc4dc533458064fcd87
0.0.0.0smtp01.api.cryptopool.eu,AVAILABILITY,domains.list,domains.list,2021-03-25 01:08:13.928626,b28c9fc4dc533458064fcd87
0.0.0.0smtpseguro.api.cryptopool.eu,AVAILABILITY,domains.list,domains.list,2021-03-25 01:08:14.901783,b28c9fc4dc533458064fcd87
0.0.0.0staging.api.cryptopool.eu,AVAILABILITY,domains.list,domains.list,2021-03-25 01:08:15.368916,b28c9fc4dc533458064fcd87
0.0.0.0stratum.api.cryptopool.eu,AVAILABILITY,domains.list,domains.list,2021-03-25 01:08:15.794812,b28c9fc4dc533458064fcd87
0.0.0.0test.pkr.api.cryptopool.eu,AVAILABILITY,domains.list,domains.list,2021-03-25 01:08:16.230139,b28c9fc4dc533458064fcd87
0.0.0.0uvc.cryptopool.eu,AVAILABILITY,domains.list,domains.list,2021-03-25 01:08:17.747620,b28c9fc4dc533458064fcd87
0.0.0.0vmail.api.cryptopool.eu,AVAILABILITY,domains.list,domains.list,2021-03-25 01:08:18.720960,b28c9fc4dc533458064fcd87
0.0.0.0wiki.api.cryptopool.eu,AVAILABILITY,domains.list,domains.list,2021-03-25 01:08:19.838901,b28c9fc4dc533458064fcd87
0.0.0.0ws01.coinlab.biz,AVAILABILITY,domains.list,domains.list,2021-03-25 01:08:25.851242,b28c9fc4dc533458064fcd87
0.0.0.0ww2.api.cryptopool.eu,AVAILABILITY,domains.list,domains.list,2021-03-25 01:08:26.281291,b28c9fc4dc533458064fcd87
0.0.0.0ww2.fur.cryptopool.eu,AVAILABILITY,domains.list,domains.list,2021-03-25 01:08:37.986706,b28c9fc4dc533458064fcd87
0.0.0.0ww2.hoc.api.cryptopool.eu,AVAILABILITY,domains.list,domains.list,2021-03-25 01:08:39.107642,b28c9fc4dc533458064fcd87
0.0.0.0ww2.shibe.api.cryptopool.eu,AVAILABILITY,domains.list,domains.list,2021-03-25 01:08:39.536441,b28c9fc4dc533458064fcd87
0.0.0.0ww35.mil.cryptopool.eu,AVAILABILITY,domains.list,domains.list,2021-03-25 01:08:40.663985,b28c9fc4dc533458064fcd87
0.0.0.0ww35.piggy.cryptopool.eu,AVAILABILITY,domains.list,domains.list,2021-03-25 01:08:41.940233,b28c9fc4dc533458064fcd87
0.0.0.0ww35.shibe.cryptopool.eu,AVAILABILITY,domains.list,domains.list,2021-03-25 01:08:42.458759,b28c9fc4dc533458064fcd87
0.0.0.0ww35.sync.api.cryptopool.eu,AVAILABILITY,domains.list,domains.list,2021-03-25 01:08:43.579054,b28c9fc4dc533458064fcd87
0.0.0.0ww35.thor.api.cryptopool.eu,AVAILABILITY,domains.list,domains.list,2021-03-25 01:08:50.054613,b28c9fc4dc533458064fcd87
0.0.0.0www2.cryptopool.eu,AVAILABILITY,domains.list,domains.list,2021-03-25 01:08:50.485637,b28c9fc4dc533458064fcd87
0.0.0.0www.pkr.cryptopool.eu,AVAILABILITY,domains.list,domains.list,2021-03-25 01:08:51.037227,b28c9fc4dc533458064fcd87
0.0.0.0x.bcc.cryptopool.eu,AVAILABILITY,domains.list,domains.list,2021-03-25 01:08:51.461879,b28c9fc4dc533458064fcd87
0.0.0autoconfig.cryptopool.eu,AVAILABILITY,domains.list,domains.list,2021-03-25 01:08:51.875620,b28c9fc4dc533458064fcd87
0.0.0dev.miningpool.tech,AVAILABILITY,domains.list,domains.list,2021-03-25 01:09:03.192630,b28c9fc4dc533458064fcd87
0.0.0lion.cryptopool.eu,AVAILABILITY,domains.list,domains.list,2021-03-25 01:09:04.013494,b28c9fc4dc533458064fcd87
0.0.0nciv.cryptopool.eu,AVAILABILITY,domains.list,domains.list,2021-03-25 01:09:04.838896,b28c9fc4dc533458064fcd87
0.0.0nhoc.api.cryptopool.eu,AVAILABILITY,domains.list,domains.list,2021-03-25 01:09:05.440294,b28c9fc4dc533458064fcd87
0.0.0owa.api.cryptopool.eu,AVAILABILITY,domains.list,domains.list,2021-03-25 01:09:05.824689,b28c9fc4dc533458064fcd87
0.0.0pop.cryptopool.eu,AVAILABILITY,domains.list,domains.list,2021-03-25 01:09:06.802519,b28c9fc4dc533458064fcd87
0.0.0www.miningpool.tech,AVAILABILITY,domains.list,domains.list,2021-03-25 01:09:18.063281,b28c9fc4dc533458064fcd87
0.0.2.api.binance.com,AVAILABILITY,domains.list,domains.list,2021-03-25 01:09:18.703595,b28c9fc4dc533458064fcd87
0.0.2.dev.api.binance.com,AVAILABILITY,domains.list,domains.list,2021-03-25 01:09:19.298891,b28c9fc4dc533458064fcd87
0.0.2.eu.api.binance.com,AVAILABILITY,domains.list,domains.list,2021-03-25 01:09:19.752118,b28c9fc4dc533458064fcd87
0.0.2.us.api.binance.com,AVAILABILITY,domains.list,domains.list,2021-03-25 01:09:20.255860,b28c9fc4dc533458064fcd87
0.0.b.c.0.0.4.2.api.binance.com,AVAILABILITY,domains.list,domains.list,2021-03-25 01:09:25.140192,b28c9fc4dc533458064fcd87
0.0.b.c.0.0.4.2.dev.api.binance.com,AVAILABILITY,domains.list,domains.list,2021-03-25 01:09:25.726960,b28c9fc4dc533458064fcd87
0.0.b.c.0.0.4.2.eu.api.binance.com,AVAILABILITY,domains.list,domains.list,2021-03-25 01:09:26.596237,b28c9fc4dc533458064fcd87
0.0.b.c.0.0.4.2.us.api.binance.com,AVAILABILITY,domains.list,domains.list,2021-03-25 01:09:27.487521,b28c9fc4dc533458064fcd87
0.0dev.miningpool.tech,AVAILABILITY,domains.list,domains.list,2021-03-25 01:09:29.644132,b28c9fc4dc533458064fcd87
0.0ipe.cryptopool.eu,AVAILABILITY,domains.list,domains.list,2021-03-25 01:09:30.778750,b28c9fc4dc533458064fcd87
0.0lion.cryptopool.eu,AVAILABILITY,domains.list,domains.list,2021-03-25 01:09:31.177244,b28c9fc4dc533458064fcd87
0.0lnc.cryptopool.eu,AVAILABILITY,domains.list,domains.list,2021-03-25 01:09:37.497869,b28c9fc4dc533458064fcd87
0.0mail2.cryptopool.eu,AVAILABILITY,domains.list,domains.list,2021-03-25 01:09:43.528770,b28c9fc4dc533458064fcd87
0.0mx7.api.cryptopool.eu,AVAILABILITY,domains.list,domains.list,2021-03-25 01:09:44.897231,b28c9fc4dc533458064fcd87
0.0mx.api.cryptopool.eu,AVAILABILITY,domains.list,domains.list,2021-03-25 01:09:45.319767,b28c9fc4dc533458064fcd87
0.0ncorgi.cryptopool.eu,AVAILABILITY,domains.list,domains.list,2021-03-25 01:09:45.715464,b28c9fc4dc533458064fcd87
0.0poczta.cryptopool.eu,AVAILABILITY,domains.list,domains.list,2021-03-25 01:09:46.399690,b28c9fc4dc533458064fcd87
0.0relay1.cryptopool.eu,AVAILABILITY,domains.list,domains.list,2021-03-25 01:09:47.075471,b28c9fc4dc533458064fcd87
0.0remote.cryptopool.eu,AVAILABILITY,domains.list,domains.list,2021-03-25 01:09:47.603948,b28c9fc4dc533458064fcd87
0.0shibe.api.cryptopool.eu,AVAILABILITY,domains.list,domains.list,2021-03-25 01:09:48.021345,b28c9fc4dc533458064fcd87
0.0sms.api.cryptopool.eu,AVAILABILITY,domains.list,domains.list,2021-03-25 01:09:48.699211,b28c9fc4dc533458064fcd87
0.0wiki.api.cryptopool.eu,AVAILABILITY,domains.list,domains.list,2021-03-25 01:09:49.109290,b28c9fc4dc533458064fcd87
0.0ww2.shibe.api.cryptopool.eu,AVAILABILITY,domains.list,domains.list,2021-03-25 01:09:49.694389,b28c9fc4dc533458064fcd87
0.0ww35.shibe.cryptopool.eu,AVAILABILITY,domains.list,domains.list,2021-03-25 01:09:50.516892,b28c9fc4dc533458064fcd87
0.0www2.cryptopool.eu,AVAILABILITY,domains.list,domains.list,2021-03-25 01:09:50.912374,b28c9fc4dc533458064fcd87
0.0www.miningpool.tech,AVAILABILITY,domains.list,domains.list,2021-03-25 01:09:52.275412,b28c9fc4dc533458064fcd87
00.0x1f4b0.com,AVAILABILITY,domains.list,domains.list,2021-03-25 01:09:52.716066,b28c9fc4dc533458064fcd87
0.2.api.binance.com,AVAILABILITY,domains.list,domains.list,2021-03-25 01:09:56.156423,b28c9fc4dc533458064fcd87
0.2.dev.api.binance.com,AVAILABILITY,domains.list,domains.list,2021-03-25 01:09:56.549327,b28c9fc4dc533458064fcd87
0.2.eu.api.binance.com,AVAILABILITY,domains.list,domains.list,2021-03-25 01:09:57.113902,b28c9fc4dc533458064fcd87
0.2.us.api.binance.com,AVAILABILITY,domains.list,domains.list,2021-03-25 01:09:57.540204,b28c9fc4dc533458064fcd87
0.178-81.ual.bitcoin.com,AVAILABILITY,domains.list,domains.list,2021-03-25 01:10:26.239204,b28c9fc4dc533458064fcd87
0.178-81.ual.eu.bitcoin.com,AVAILABILITY,domains.list,domains.list,2021-03-25 01:10:26.985524,b28c9fc4dc533458064fcd87
0.178-81.ual.ru.bitcoin.com,AVAILABILITY,domains.list,domains.list,2021-03-25 01:10:28.837182,b28c9fc4dc533458064fcd87
0.178-81.ual.us.bitcoin.com,AVAILABILITY,domains.list,domains.list,2021-03-25 01:10:31.163558,b28c9fc4dc533458064fcd87
0.abseits.ski,AVAILABILITY,domains.list,domains.list,2021-03-25 01:10:38.774892,b28c9fc4dc533458064fcd87
00.api.binance.com,AVAILABILITY,domains.list,domains.list,2021-03-25 01:10:39.177192,b28c9fc4dc533458064fcd87
0.api.binance.com,AVAILABILITY,domains.list,domains.list,2021-03-25 01:10:39.620663,b28c9fc4dc533458064fcd87
000000.api.binance.com,AVAILABILITY,domains.list,domains.list,2021-03-25 01:10:40.084739,b28c9fc4dc533458064fcd87
0.as.bitcoin.com,AVAILABILITY,domains.list,domains.list,2021-03-25 01:10:48.717116,b28c9fc4dc533458064fcd87
0.as.eu.bitcoin.com,AVAILABILITY,domains.list,domains.list,2021-03-25 01:10:49.521833,b28c9fc4dc533458064fcd87
0.as.ru.bitcoin.com,AVAILABILITY,domains.list,domains.list,2021-03-25 01:10:50.994901,b28c9fc4dc533458064fcd87
0.as.us.bitcoin.com,AVAILABILITY,domains.list,domains.list,2021-03-25 01:10:52.322989,b28c9fc4dc533458064fcd87
00.binance.com,AVAILABILITY,domains.list,domains.list,2021-03-25 01:10:52.908050,b28c9fc4dc533458064fcd87
0-0.binance.com,AVAILABILITY,domains.list,domains.list,2021-03-25 01:10:58.617579,b28c9fc4dc533458064fcd87
0.binance.com,AVAILABILITY,domains.list,domains.list,2021-03-25 01:10:59.222273,b28c9fc4dc533458064fcd87
0.bitcoin.com,AVAILABILITY,domains.list,domains.list,2021-03-25 01:11:03.186844,b28c9fc4dc533458064fcd87
00.bitcoin.com,AVAILABILITY,domains.list,domains.list,2021-03-25 01:11:03.869425,b28c9fc4dc533458064fcd87
00.bsod.pw,AVAILABILITY,domains.list,domains.list,2021-03-25 01:11:05.058622,b28c9fc4dc533458064fcd87
0.crypit.net,AVAILABILITY,domains.list,domains.list,2021-03-25 01:11:09.737852,b28c9fc4dc533458064fcd87
000000.dev.api.binance.com,AVAILABILITY,domains.list,domains.list,2021-03-25 01:11:15.456340,b28c9fc4dc533458064fcd87
00.dev.api.binance.com,AVAILABILITY,domains.list,domains.list,2021-03-25 01:11:15.979482,b28c9fc4dc533458064fcd87
0.dev.api.binance.com,AVAILABILITY,domains.list,domains.list,2021-03-25 01:11:16.503337,b28c9fc4dc533458064fcd87
0.easyhash.de,AVAILABILITY,domains.list,domains.list,2021-03-25 01:11:22.593742,b28c9fc4dc533458064fcd87
0.eu.api.binance.com,AVAILABILITY,domains.list,domains.list,2021-03-25 01:11:23.197432,b28c9fc4dc533458064fcd87
00.eu.api.binance.com,AVAILABILITY,domains.list,domains.list,2021-03-25 01:11:23.666474,b28c9fc4dc533458064fcd87
000000.eu.api.binance.com,AVAILABILITY,domains.list,domains.list,2021-03-25 01:11:24.049227,b28c9fc4dc533458064fcd87
0.eu.bitcoin.com,AVAILABILITY,domains.list,domains.list,2021-03-25 01:11:24.776021,b28c9fc4dc533458064fcd87
00.eu.bitcoin.com,AVAILABILITY,domains.list,domains.list,2021-03-25 01:11:25.291522,b28c9fc4dc533458064fcd87
0.eu.mine.eu.mine.zpool.ca,AVAILABILITY,domains.list,domains.list,2021-03-25 01:11:26.137860,b28c9fc4dc533458064fcd87
0.eu.mine.ja.mine.zpool.ca,AVAILABILITY,domains.list,domains.list,2021-03-25 01:11:26.549393,b28c9fc4dc533458064fcd87
0.eu.mine.mine.zpool.ca,AVAILABILITY,domains.list,domains.list,2021-03-25 01:11:26.958123,b28c9fc4dc533458064fcd87
0.eu.mine.us.mine.zpool.ca,AVAILABILITY,domains.list,domains.list,2021-03-25 01:11:27.410562,b28c9fc4dc533458064fcd87
0.eu.mine.zpool.ca,AVAILABILITY,domains.list,domains.list,2021-03-25 01:11:27.812301,b28c9fc4dc533458064fcd87
0.hiveon.net,AVAILABILITY,domains.list,domains.list,2021-03-25 01:11:33.410682,b28c9fc4dc533458064fcd87
0.ja.mine.eu.mine.zpool.ca,AVAILABILITY,domains.list,domains.list,2021-03-25 01:11:34.299474,b28c9fc4dc533458064fcd87
0.ja.mine.ja.mine.zpool.ca,AVAILABILITY,domains.list,domains.list,2021-03-25 01:11:34.716949,b28c9fc4dc533458064fcd87
0.ja.mine.mine.zpool.ca,AVAILABILITY,domains.list,domains.list,2021-03-25 01:11:35.144066,b28c9fc4dc533458064fcd87
0.ja.mine.us.mine.zpool.ca,AVAILABILITY,domains.list,domains.list,2021-03-25 01:11:35.566022,b28c9fc4dc533458064fcd87
0.ja.mine.zpool.ca,AVAILABILITY,domains.list,domains.list,2021-03-25 01:11:35.975528,b28c9fc4dc533458064fcd87
0.mining.garden,AVAILABILITY,domains.list,domains.list,2021-03-25 01:11:36.942409,b28c9fc4dc533458064fcd87
0.na.mine.eu.mine.zpool.ca,AVAILABILITY,domains.list,domains.list,2021-03-25 01:11:37.634857,b28c9fc4dc533458064fcd87
0.na.mine.ja.mine.zpool.ca,AVAILABILITY,domains.list,domains.list,2021-03-25 01:11:38.059349,b28c9fc4dc533458064fcd87
0.na.mine.mine.zpool.ca,AVAILABILITY,domains.list,domains.list,2021-03-25 01:11:38.492428,b28c9fc4dc533458064fcd87
0.na.mine.us.mine.zpool.ca,AVAILABILITY,domains.list,domains.list,2021-03-25 01:11:38.972288,b28c9fc4dc533458064fcd87
0.na.mine.zpool.ca,AVAILABILITY,domains.list,domains.list,2021-03-25 01:11:39.373542,b28c9fc4dc533458064fcd87
0.node.hiveon.net,AVAILABILITY,domains.list,domains.list,2021-03-25 01:11:39.856869,b28c9fc4dc533458064fcd87
000.okkong.com,AVAILABILITY,domains.list,domains.list,2021-03-25 01:11:41.444708,b28c9fc4dc533458064fcd87
00.ru.bitcoin.com,AVAILABILITY,domains.list,domains.list,2021-03-25 01:11:43.407397,b28c9fc4dc533458064fcd87
0.ru.bitcoin.com,AVAILABILITY,domains.list,domains.list,2021-03-25 01:11:44.260208,b28c9fc4dc533458064fcd87
0.sensors8-5.binance.com,AVAILABILITY,domains.list,domains.list,2021-03-25 01:11:44.761543,b28c9fc4dc533458064fcd87
0.subnet.okkong.com,AVAILABILITY,domains.list,domains.list,2021-03-25 01:11:45.914959,b28c9fc4dc533458064fcd87
00.triplemining.com,AVAILABILITY,domains.list,domains.list,2021-03-25 01:11:46.312430,b28c9fc4dc533458064fcd87
00.us.api.binance.com,AVAILABILITY,domains.list,domains.list,2021-03-25 01:11:46.776413,b28c9fc4dc533458064fcd87
000000.us.api.binance.com,AVAILABILITY,domains.list,domains.list,2021-03-25 01:11:47.327613,b28c9fc4dc533458064fcd87
0.us.api.binance.com,AVAILABILITY,domains.list,domains.list,2021-03-25 01:11:47.711040,b28c9fc4dc533458064fcd87
00.us.bitcoin.com,AVAILABILITY,domains.list,domains.list,2021-03-25 01:11:48.480845,b28c9fc4dc533458064fcd87
0.us.bitcoin.com,AVAILABILITY,domains.list,domains.list,2021-03-25 01:11:49.107771,b28c9fc4dc533458064fcd87
0a5fa913.cryptominer.net,AVAILABILITY,domains.list,domains.list,2021-03-25 01:11:49.740336,b28c9fc4dc533458064fcd87
0acfvd15p7.s.api.binance.com,AVAILABILITY,domains.list,domains.list,2021-03-25 01:11:51.448784,b28c9fc4dc533458064fcd87
0acfvd15p7.s.dev.api.binance.com,AVAILABILITY,domains.list,domains.list,2021-03-25 01:11:51.948056,b28c9fc4dc533458064fcd87
0acfvd15p7.s.eu.api.binance.com,AVAILABILITY,domains.list,domains.list,2021-03-25 01:11:52.390229,b28c9fc4dc533458064fcd87
0acfvd15p7.s.us.api.binance.com,AVAILABILITY,domains.list,domains.list,2021-03-25 01:11:53.033154,b28c9fc4dc533458064fcd87
0administration.hemnes.win,AVAILABILITY,domains.list,domains.list,2021-03-25 01:11:53.499506,b28c9fc4dc533458064fcd87
0adserver.crypto-webminer.com,AVAILABILITY,domains.list,domains.list,2021-03-25 01:11:55.127930,b28c9fc4dc533458064fcd87
0aeon.multipooler.com,AVAILABILITY,domains.list,domains.list,2021-03-25 01:11:58.729843,b28c9fc4dc533458064fcd87
0aeon.pooltupi.com,AVAILABILITY,domains.list,domains.list,2021-03-25 01:12:09.752458,b28c9fc4dc533458064fcd87
0aff.easyhash.de,AVAILABILITY,domains.list,domains.list,2021-03-25 01:12:10.391424,b28c9fc4dc533458064fcd87
0air.chunkypools.com,AVAILABILITY,domains.list,domains.list,2021-03-25 01:12:11.092596,b28c9fc4dc533458064fcd87
0airshare.bittube.app,AVAILABILITY,domains.list,domains.list,2021-03-25 01:12:11.952937,b28c9fc4dc533458064fcd87
0aka.easyhash.de,AVAILABILITY,domains.list,domains.list,2021-03-25 01:12:13.139437,b28c9fc4dc533458064fcd87
0al.bitcoin.com,AVAILABILITY,domains.list,domains.list,2021-03-25 01:12:14.086836,b28c9fc4dc533458064fcd87
0al.eu.bitcoin.com,AVAILABILITY,domains.list,domains.list,2021-03-25 01:12:23.186078,b28c9fc4dc533458064fcd87
0al.ru.bitcoin.com,AVAILABILITY,domains.list,domains.list,2021-03-25 01:12:24.355482,b28c9fc4dc533458064fcd87
0al.us.bitcoin.com,AVAILABILITY,domains.list,domains.list,2021-03-25 01:12:35.290259,b28c9fc4dc533458064fcd87
0alerts.hemnes.win,AVAILABILITY,domains.list,domains.list,2021-03-25 01:12:36.467105,b28c9fc4dc533458064fcd87
0alerts.minescripts.info,AVAILABILITY,domains.list,domains.list,2021-03-25 01:12:37.468380,b28c9fc4dc533458064fcd87
0aln.poolerino.com,AVAILABILITY,domains.list,domains.list,2021-03-25 01:12:39.846310,b28c9fc4dc533458064fcd87
0alpha6.gethash.cc,AVAILABILITY,domains.list,domains.list,2021-03-25 01:12:40.274095,b28c9fc4dc533458064fcd87
0alpha8.easyhash.de,AVAILABILITY,domains.list,domains.list,2021-03-25 01:12:40.800063,b28c9fc4dc533458064fcd87
0alpha.crypto-webminer.com,AVAILABILITY,domains.list,domains.list,2021-03-25 01:12:42.449740,b28c9fc4dc533458064fcd87
0alphadecor.minexca.com,AVAILABILITY,domains.list,domains.list,2021-03-25 01:12:42.987310,b28c9fc4dc533458064fcd87
0am.dashminer.com,AVAILABILITY,domains.list,domains.list,2021-03-25 01:12:43.680165,b28c9fc4dc533458064fcd87
0ama.easyhash.de,AVAILABILITY,domains.list,domains.list,2021-03-25 01:12:44.346123,b28c9fc4dc533458064fcd87
0america.minexca.com,AVAILABILITY,domains.list,domains.list,2021-03-25 01:12:44.950707,b28c9fc4dc533458064fcd87
0amp.finbits.net,AVAILABILITY,domains.list,domains.list,2021-03-25 01:12:45.343444,b28c9fc4dc533458064fcd87
0amx.letshash.online,AVAILABILITY,domains.list,domains.list,2021-03-25 01:12:45.967215,b28c9fc4dc533458064fcd87
0antispam.bitalo.com,AVAILABILITY,domains.list,domains.list,2021-03-25 01:12:47.200010,b28c9fc4dc533458064fcd87
0antispam.cryptopool.eu,AVAILABILITY,domains.list,domains.list,2021-03-25 01:12:47.631831,b28c9fc4dc533458064fcd87
0antispam.suremine.com,AVAILABILITY,domains.list,domains.list,2021-03-25 01:12:48.172260,b28c9fc4dc533458064fcd87
0antispam.theblocksfactory.com,AVAILABILITY,domains.list,domains.list,2021-03-25 01:12:49.120960,b28c9fc4dc533458064fcd87
0ap.crypto-webminer.com,AVAILABILITY,domains.list,domains.list,2021-03-25 01:12:50.288669,b28c9fc4dc533458064fcd87
0ap.hemnes.win,AVAILABILITY,domains.list,domains.list,2021-03-25 01:12:55.928731,b28c9fc4dc533458064fcd87
0ap.veriblockpool.com,AVAILABILITY,domains.list,domains.list,2021-03-25 01:12:57.003283,b28c9fc4dc533458064fcd87
0apache.minescripts.info,AVAILABILITY,domains.list,domains.list,2021-03-25 01:12:58.188018,b28c9fc4dc533458064fcd87
0api.175btc.com,AVAILABILITY,domains.list,domains.list,2021-03-25 01:12:58.583900,b28c9fc4dc533458064fcd87
0api.actinium.org,AVAILABILITY,domains.list,domains.list,2021-03-25 01:12:59.151494,b28c9fc4dc533458064fcd87
0api.adless.io,AVAILABILITY,domains.list,domains.list,2021-03-25 01:13:00.100749,b28c9fc4dc533458064fcd87
0api.btcguild.com,AVAILABILITY,domains.list,domains.list,2021-03-25 01:13:00.556811,b28c9fc4dc533458064fcd87
0api.gethash.cc,AVAILABILITY,domains.list,domains.list,2021-03-25 01:13:01.013148,b28c9fc4dc533458064fcd87
0api.multipools.club,AVAILABILITY,domains.list,domains.list,2021-03-25 01:13:01.646735,b28c9fc4dc533458064fcd87
0apicitadel.my-mining-pool.de,AVAILABILITY,domains.list,domains.list,2021-03-25 01:13:02.312080,b28c9fc4dc533458064fcd87
0apidcy.my-mining-pool.de,AVAILABILITY,domains.list,domains.list,2021-03-25 01:13:02.906666,b28c9fc4dc533458064fcd87
0api-eth.crypit.net,AVAILABILITY,domains.list,domains.list,2021-03-25 01:13:04.368016,b28c9fc4dc533458064fcd87
0api-krb.easyhash.io,AVAILABILITY,domains.list,domains.list,2021-03-25 01:13:04.792154,b28c9fc4dc533458064fcd87
0apiloki.my-mining-pool.de,AVAILABILITY,domains.list,domains.list,2021-03-25 01:13:07.054983,b28c9fc4dc533458064fcd87
0api-obv.minecoin.club,AVAILABILITY,domains.list,domains.list,2021-03-25 01:13:18.421568,b28c9fc4dc533458064fcd87
0apiombre.my-mining-pool.de,AVAILABILITY,domains.list,domains.list,2021-03-25 01:13:18.986537,b28c9fc4dc533458064fcd87
0apipengolincoin.my-mining-pool.de,AVAILABILITY,domains.list,domains.list,2021-03-25 01:13:22.060875,b28c9fc4dc533458064fcd87
0apiprivatepay.my-mining-pool.de,AVAILABILITY,domains.list,domains.list,2021-03-25 01:13:23.399419,b28c9fc4dc533458064fcd87
0apiveronite.my-mining-pool.de,AVAILABILITY,domains.list,domains.list,2021-03-25 01:13:24.712656,b28c9fc4dc533458064fcd87
0apiworktips.my-mining-pool.de,AVAILABILITY,domains.list,domains.list,2021-03-25 01:13:25.545120,b28c9fc4dc533458064fcd87
0app.ccminer.org,AVAILABILITY,domains.list,domains.list,2021-03-25 01:13:27.788000,b28c9fc4dc533458064fcd87
0app.minerpool.net,AVAILABILITY,domains.list,domains.list,2021-03-25 01:13:30.468891,b28c9fc4dc533458064fcd87
0apps.minescripts.info,AVAILABILITY,domains.list,domains.list,2021-03-25 01:13:31.817992,b28c9fc4dc533458064fcd87
0ap-southeast-1-s2.veriblockpool.com,AVAILABILITY,domains.list,domains.list,2021-03-25 01:13:32.281158,b28c9fc4dc533458064fcd87
0archiv.api.cryptopool.eu,AVAILABILITY,domains.list,domains.list,2021-03-25 01:13:33.175552,b28c9fc4dc533458064fcd87
0arg-argon2d-wa.hashing.space,AVAILABILITY,domains.list,domains.list,2021-03-25 01:13:34.001430,b28c9fc4dc533458064fcd87
0aricoin.securepayment.cc,AVAILABILITY,domains.list,domains.list,2021-03-25 01:13:34.862891,b28c9fc4dc533458064fcd87
0arq.europool.me,AVAILABILITY,domains.list,domains.list,2021-03-25 01:13:35.257236,b28c9fc4dc533458064fcd87
0arq.minerhills.com,AVAILABILITY,domains.list,domains.list,2021-03-25 01:13:35.840036,b28c9fc4dc533458064fcd87
0arqstg.pool.gntl.co.uk,AVAILABILITY,domains.list,domains.list,2021-03-25 01:13:37.216321,b28c9fc4dc533458064fcd87
0asia2.coinking.io,AVAILABILITY,domains.list,domains.list,2021-03-25 01:13:37.900174,b28c9fc4dc533458064fcd87
0asia.bytecoin-pool.org,AVAILABILITY,domains.list,domains.list,2021-03-25 01:13:38.737238,b28c9fc4dc533458064fcd87
0asia.cryptoknight.cc,AVAILABILITY,domains.list,domains.list,2021-03-25 01:13:39.411021,b28c9fc4dc533458064fcd87
0asia.veriblockpool.com,AVAILABILITY,domains.list,domains.list,2021-03-25 01:13:40.064188,b28c9fc4dc533458064fcd87
0asia.zenmine.pro,AVAILABILITY,domains.list,domains.list,2021-03-25 01:13:40.972075,b28c9fc4dc533458064fcd87
0assets.ccminer.org,AVAILABILITY,domains.list,domains.list,2021-03-25 01:13:41.508653,b28c9fc4dc533458064fcd87
0assets.gethash.cc,AVAILABILITY,domains.list,domains.list,2021-03-25 01:13:41.963944,b28c9fc4dc533458064fcd87
0a-test-sz.inc.antpool.com,AVAILABILITY,domains.list,domains.list,2021-03-25 01:13:43.076401,b28c9fc4dc533458064fcd87
0atomi.veriblockpool.com,AVAILABILITY,domains.list,domains.list,2021-03-25 01:13:43.532800,b28c9fc4dc533458064fcd87
0atum-henkins-test-sz.inc.antpool.com,AVAILABILITY,domains.list,domains.list,2021-03-25 01:13:44.439882,b28c9fc4dc533458064fcd87
0atum-psz.inc.antpool.com,AVAILABILITY,domains.list,domains.list,2021-03-25 01:13:45.483921,b28c9fc4dc533458064fcd87
0atum-stratumains-test-szsz.inc.antpool.com,AVAILABILITY,domains.list,domains.list,2021-03-25 01:13:46.464212,b28c9fc4dc533458064fcd87
0atumstratum-z-test-sz.inc.antpool.com,AVAILABILITY,domains.list,domains.list,2021-03-25 01:13:48.842535,b28c9fc4dc533458064fcd87
0au4.gethash.cc,AVAILABILITY,domains.list,domains.list,2021-03-25 01:13:49.289597,b28c9fc4dc533458064fcd87
0au04.veriblockpool.com,AVAILABILITY,domains.list,domains.list,2021-03-25 01:13:50.200593,b28c9fc4dc533458064fcd87
0au.coinminers.net,AVAILABILITY,domains.list,domains.list,2021-03-25 01:13:50.582356,b28c9fc4dc533458064fcd87
0au.easyhash.de,AVAILABILITY,domains.list,domains.list,2021-03-25 01:13:51.145207,b28c9fc4dc533458064fcd87
0au.omegapool.cc,AVAILABILITY,domains.list,domains.list,2021-03-25 01:13:51.557418,b28c9fc4dc533458064fcd87
0au.veriblockpool.com,AVAILABILITY,domains.list,domains.list,2021-03-25 01:13:52.278261,b28c9fc4dc533458064fcd87
0auction.angrypool.com,AVAILABILITY,domains.list,domains.list,2021-03-25 01:13:53.142736,b28c9fc4dc533458064fcd87
0aus.obfuscode.net,AVAILABILITY,domains.list,domains.list,2021-03-25 01:13:54.069897,b28c9fc4dc533458064fcd87
0auth.ccminer.org,AVAILABILITY,domains.list,domains.list,2021-03-25 01:13:54.728325,b28c9fc4dc533458064fcd87
0auth.crypto-webminer.com,AVAILABILITY,domains.list,domains.list,2021-03-25 01:13:56.547671,b28c9fc4dc533458064fcd87
0auth.dashminer.com,AVAILABILITY,domains.list,domains.list,2021-03-25 01:13:57.154591,b28c9fc4dc533458064fcd87
0auth.pexaproject.com,AVAILABILITY,domains.list,domains.list,2021-03-25 01:13:57.595020,b28c9fc4dc533458064fcd87
0authsmtp.altpool.eu,AVAILABILITY,domains.list,domains.list,2021-03-25 01:14:00.844431,b28c9fc4dc533458064fcd87
0authsmtp.cryptopool.eu,AVAILABILITY,domains.list,domains.list,2021-03-25 01:14:01.526825,b28c9fc4dc533458064fcd87
0authsmtp.hodlpool.com,AVAILABILITY,domains.list,domains.list,2021-03-25 01:14:01.975127,b28c9fc4dc533458064fcd87
0authsmtp.suremine.com,AVAILABILITY,domains.list,domains.list,2021-03-25 01:14:02.397575,b28c9fc4dc533458064fcd87
0autoconfig.50btc.com,AVAILABILITY,domains.list,domains.list,2021-03-25 01:14:04.311653,b28c9fc4dc533458064fcd87
0autoconfig.cryptopool.eu,AVAILABILITY,domains.list,domains.list,2021-03-25 01:14:04.967698,b28c9fc4dc533458064fcd87
0autoconfig.humanscoin.org,AVAILABILITY,domains.list,domains.list,2021-03-25 01:14:06.092219,b28c9fc4dc533458064fcd87
0autodiscover.coin-hive.com,AVAILABILITY,domains.list,domains.list,2021-03-25 01:14:06.838449,b28c9fc4dc533458064fcd87
0autodiscover.minerpool.net,AVAILABILITY,domains.list,domains.list,2021-03-25 01:14:07.517668,b28c9fc4dc533458064fcd87
0auto-mx.angrypool.com,AVAILABILITY,domains.list,domains.list,2021-03-25 01:14:08.546236,b28c9fc4dc533458064fcd87
0awx8e.bitcoin.com,AVAILABILITY,domains.list,domains.list,2021-03-25 01:14:09.299990,b28c9fc4dc533458064fcd87
0awx8e.eu.bitcoin.com,AVAILABILITY,domains.list,domains.list,2021-03-25 01:14:10.712665,b28c9fc4dc533458064fcd87
0awx8e.ru.bitcoin.com,AVAILABILITY,domains.list,domains.list,2021-03-25 01:14:11.439422,b28c9fc4dc533458064fcd87
0awx8e.us.bitcoin.com,AVAILABILITY,domains.list,domains.list,2021-03-25 01:14:12.076483,b28c9fc4dc533458064fcd87
0awx.argoneum.net,AVAILABILITY,domains.list,domains.list,2021-03-25 01:14:15.655058,b28c9fc4dc533458064fcd87
0000ax.api.binance.com,AVAILABILITY,domains.list,domains.list,2021-03-25 01:14:17.848723,b28c9fc4dc533458064fcd87
0000ax.dev.api.binance.com,AVAILABILITY,domains.list,domains.list,2021-03-25 01:14:18.275214,b28c9fc4dc533458064fcd87
0000ax.eu.api.binance.com,AVAILABILITY,domains.list,domains.list,2021-03-25 01:14:18.745876,b28c9fc4dc533458064fcd87
0000ax.us.api.binance.com,AVAILABILITY,domains.list,domains.list,2021-03-25 01:14:19.184816,b28c9fc4dc533458064fcd87
0ay.bitcoin.com,AVAILABILITY,domains.list,domains.list,2021-03-25 01:14:19.915044,b28c9fc4dc533458064fcd87
0ay.eu.bitcoin.com,AVAILABILITY,domains.list,domains.list,2021-03-25 01:14:20.612652,b28c9fc4dc533458064fcd87
0ay.ru.bitcoin.com,AVAILABILITY,domains.list,domains.list,2021-03-25 01:14:21.599661,b28c9fc4dc533458064fcd87
0ay.us.bitcoin.com,AVAILABILITY,domains.list,domains.list,2021-03-25 01:14:27.210787,b28c9fc4dc533458064fcd87
0ayuda.cryptonight.net,AVAILABILITY,domains.list,domains.list,2021-03-25 01:14:27.929299,b28c9fc4dc533458064fcd87
0b2b.youpool.io,AVAILABILITY,domains.list,domains.list,2021-03-25 01:14:28.349654,b28c9fc4dc533458064fcd87
0b2g.europool.me,AVAILABILITY,domains.list,domains.list,2021-03-25 01:14:34.036270,b28c9fc4dc533458064fcd87
0b2g-solo.veriblockpool.com,AVAILABILITY,domains.list,domains.list,2021-03-25 01:14:34.495478,b28c9fc4dc533458064fcd87
0b.api.cryptopool.eu,AVAILABILITY,domains.list,domains.list,2021-03-25 01:14:35.176434,b28c9fc4dc533458064fcd87
0b.cryptoknight.cc,AVAILABILITY,domains.list,domains.list,2021-03-25 01:14:35.896433,b28c9fc4dc533458064fcd87
0backup.adminer.com,AVAILABILITY,domains.list,domains.list,2021-03-25 01:14:36.892950,b28c9fc4dc533458064fcd87
0backup.cryptoknight.cc,AVAILABILITY,domains.list,domains.list,2021-03-25 01:14:37.631590,b28c9fc4dc533458064fcd87
0backup.easyhash.de,AVAILABILITY,domains.list,domains.list,2021-03-25 01:14:39.068758,b28c9fc4dc533458064fcd87
0backup.simplecoin.us,AVAILABILITY,domains.list,domains.list,2021-03-25 01:14:39.510207,b28c9fc4dc533458064fcd87
0barracuda.ccminer.org,AVAILABILITY,domains.list,domains.list,2021-03-25 01:14:41.026115,b28c9fc4dc533458064fcd87
0barracuda.suremine.com,AVAILABILITY,domains.list,domains.list,2021-03-25 01:14:41.591820,b28c9fc4dc533458064fcd87
0bbc-srbminer.veriblockpool.com,AVAILABILITY,domains.list,domains.list,2021-03-25 01:14:42.049129,b28c9fc4dc533458064fcd87
0bbrdev.poolto.be,AVAILABILITY,domains.list,domains.list,2021-03-25 01:14:43.272060,b28c9fc4dc533458064fcd87
0bbs.asicminer.co,AVAILABILITY,domains.list,domains.list,2021-03-25 01:14:43.683449,b28c9fc4dc533458064fcd87
0bbs.gethash.cc,AVAILABILITY,domains.list,domains.list,2021-03-25 01:14:44.118619,b28c9fc4dc533458064fcd87
0bcl.minerpool.net,AVAILABILITY,domains.list,domains.list,2021-03-25 01:14:45.643339,b28c9fc4dc533458064fcd87
0beldex.fairhash.org,AVAILABILITY,domains.list,domains.list,2021-03-25 01:14:46.266999,b28c9fc4dc533458064fcd87
0beta.crypto-webminer.com,AVAILABILITY,domains.list,domains.list,2021-03-25 01:14:47.095041,b28c9fc4dc533458064fcd87
0beta.europool.me,AVAILABILITY,domains.list,domains.list,2021-03-25 01:14:52.780213,b28c9fc4dc533458064fcd87
0bic.acc-pool.pw,AVAILABILITY,domains.list,domains.list,2021-03-25 01:14:54.336595,b28c9fc4dc533458064fcd87
0bigboote.hodlpool.com,AVAILABILITY,domains.list,domains.list,2021-03-25 01:14:54.914444,b28c9fc4dc533458064fcd87
0bitcoincash.securepayment.cc,AVAILABILITY,domains.list,domains.list,2021-03-25 01:14:55.812989,b28c9fc4dc533458064fcd87
0bittube.minercartel.com,AVAILABILITY,domains.list,domains.list,2021-03-25 01:14:56.575844,b28c9fc4dc533458064fcd87
0bittubestage.fairhash.org,AVAILABILITY,domains.list,domains.list,2021-03-25 01:14:57.233848,b28c9fc4dc533458064fcd87
0block.elicoin.net,AVAILABILITY,domains.list,domains.list,2021-03-25 01:14:58.144976,b28c9fc4dc533458064fcd87
0blockapi.mine2.live,AVAILABILITY,domains.list,domains.list,2021-03-25 01:15:03.803279,b28c9fc4dc533458064fcd87
0blockexplorer.kipcoin.org,AVAILABILITY,domains.list,domains.list,2021-03-25 01:15:05.482191,b28c9fc4dc533458064fcd87
0blog.bytecoins.world,AVAILABILITY,domains.list,domains.list,2021-03-25 01:15:05.871288,b28c9fc4dc533458064fcd87
0blog.ccminer.org,AVAILABILITY,domains.list,domains.list,2021-03-25 01:15:06.849738,b28c9fc4dc533458064fcd87
0blog.extremehash.com,AVAILABILITY,domains.list,domains.list,2021-03-25 01:15:07.296192,b28c9fc4dc533458064fcd87
0blog.rapidhash.net,AVAILABILITY,domains.list,domains.list,2021-03-25 01:15:07.759104,b28c9fc4dc533458064fcd87
0-bmlab.inc.antpool.com,AVAILABILITY,domains.list,domains.list,2021-03-25 01:15:14.665102,b28c9fc4dc533458064fcd87
0bmrc.letshash.it,AVAILABILITY,domains.list,domains.list,2021-03-25 01:15:16.229832,b28c9fc4dc533458064fcd87
0board.cryptonight.net,AVAILABILITY,domains.list,domains.list,2021-03-25 01:15:22.132786,b28c9fc4dc533458064fcd87
0bold.youpool.io,AVAILABILITY,domains.list,domains.list,2021-03-25 01:15:28.070856,b28c9fc4dc533458064fcd87
0booking.pexaproject.com,AVAILABILITY,domains.list,domains.list,2021-03-25 01:15:28.613963,b28c9fc4dc533458064fcd87
0box.api.cryptopool.eu,AVAILABILITY,domains.list,domains.list,2021-03-25 01:15:29.300730,b28c9fc4dc533458064fcd87
0box.hashing.com,AVAILABILITY,domains.list,domains.list,2021-03-25 01:15:29.899748,b28c9fc4dc533458064fcd87
0brogr.minexca.com,AVAILABILITY,domains.list,domains.list,2021-03-25 01:15:30.473996,b28c9fc4dc533458064fcd87
0bsd.cryptonight.net,AVAILABILITY,domains.list,domains.list,2021-03-25 01:15:36.117022,b28c9fc4dc533458064fcd87
0btc.hashcity.org,AVAILABILITY,domains.list,domains.list,2021-03-25 01:15:37.352295,b28c9fc4dc533458064fcd87
0btcd.poolto.be,AVAILABILITY,domains.list,domains.list,2021-03-25 01:15:38.031199,b28c9fc4dc533458064fcd87
0btg.rubypool.com,AVAILABILITY,domains.list,domains.list,2021-03-25 01:15:38.534971,b28c9fc4dc533458064fcd87
0bth-test.equihub.pro,AVAILABILITY,domains.list,domains.list,2021-03-25 01:15:44.141194,b28c9fc4dc533458064fcd87
0btn.gethash.cc,AVAILABILITY,domains.list,domains.list,2021-03-25 01:15:44.557510,b28c9fc4dc533458064fcd87
0btn.youpool.io,AVAILABILITY,domains.list,domains.list,2021-03-25 01:15:45.181506,b28c9fc4dc533458064fcd87
0bvef1si23aksrn600su0.bittube.app,AVAILABILITY,domains.list,domains.list,2021-03-25 01:15:45.886117,b28c9fc4dc533458064fcd87
0bzc.veriblockpool.com,AVAILABILITY,domains.list,domains.list,2021-03-25 01:15:46.502024,b28c9fc4dc533458064fcd87
0c1.altcoinpool.eu,AVAILABILITY,domains.list,domains.list,2021-03-25 01:15:46.944833,b28c9fc4dc533458064fcd87
0c.api.binance.com,AVAILABILITY,domains.list,domains.list,2021-03-25 01:15:47.328315,b28c9fc4dc533458064fcd87
0c.dev.api.binance.com,AVAILABILITY,domains.list,domains.list,2021-03-25 01:15:58.197624,b28c9fc4dc533458064fcd87
0c.eu.api.binance.com,AVAILABILITY,domains.list,domains.list,2021-03-25 01:15:58.819697,b28c9fc4dc533458064fcd87
0c.us.api.binance.com,AVAILABILITY,domains.list,domains.list,2021-03-25 01:15:59.266233,b28c9fc4dc533458064fcd87
0cacti.ccminer.org,AVAILABILITY,domains.list,domains.list,2021-03-25 01:16:00.375784,b28c9fc4dc533458064fcd87
0cacti.cryptonight.net,AVAILABILITY,domains.list,domains.list,2021-03-25 01:16:06.273455,b28c9fc4dc533458064fcd87
0cal.rubypool.com,AVAILABILITY,domains.list,domains.list,2021-03-25 01:16:13.595665,b28c9fc4dc533458064fcd87
0cal.youpool.io,AVAILABILITY,domains.list,domains.list,2021-03-25 01:16:14.005015,b28c9fc4dc533458064fcd87
0cams.pool.gntl.co.uk,AVAILABILITY,domains.list,domains.list,2021-03-25 01:16:19.866190,b28c9fc4dc533458064fcd87
0cann-nl.hashing.space,AVAILABILITY,domains.list,domains.list,2021-03-25 01:16:20.564286,b28c9fc4dc533458064fcd87
0cann-sg.hashing.space,AVAILABILITY,domains.list,domains.list,2021-03-25 01:16:25.854514,b28c9fc4dc533458064fcd87
0cann-tx.hashing.space,AVAILABILITY,domains.list,domains.list,2021-03-25 01:16:28.038634,b28c9fc4dc533458064fcd87
0careers.gethash.cc,AVAILABILITY,domains.list,domains.list,2021-03-25 01:16:28.452714,b28c9fc4dc533458064fcd87
0cart.wowne.ro,AVAILABILITY,domains.list,domains.list,2021-03-25 01:16:29.171138,b28c9fc4dc533458064fcd87
0cash.org,AVAILABILITY,domains.list,domains.list,2021-03-25 01:16:29.544948,b28c9fc4dc533458064fcd87
0catalyst.my-mining-pool.de,AVAILABILITY,domains.list,domains.list,2021-03-25 01:16:31.443790,b28c9fc4dc533458064fcd87
0cbc.youpool.io,AVAILABILITY,domains.list,domains.list,2021-03-25 01:16:31.842014,b28c9fc4dc533458064fcd87
0cc.bitcoin.com,AVAILABILITY,domains.list,domains.list,2021-03-25 01:16:32.803946,b28c9fc4dc533458064fcd87
0cc.eu.bitcoin.com,AVAILABILITY,domains.list,domains.list,2021-03-25 01:16:35.210153,b28c9fc4dc533458064fcd87
0cc.ru.bitcoin.com,AVAILABILITY,domains.list,domains.list,2021-03-25 01:16:36.619612,b28c9fc4dc533458064fcd87
0cc.us.bitcoin.com,AVAILABILITY,domains.list,domains.list,2021-03-25 01:16:37.098908,b28c9fc4dc533458064fcd87
0cch.fairhash.org,AVAILABILITY,domains.list,domains.list,2021-03-25 01:16:37.779870,b28c9fc4dc533458064fcd87
0cctv.ccminer.org,AVAILABILITY,domains.list,domains.list,2021-03-25 01:16:38.457491,b28c9fc4dc533458064fcd87
0ccx.pool.gntl.co.uk,AVAILABILITY,domains.list,domains.list,2021-03-25 01:16:49.893262,b28c9fc4dc533458064fcd87
0center.veriblockpool.com,AVAILABILITY,domains.list,domains.list,2021-03-25 01:16:50.632940,b28c9fc4dc533458064fcd87
0charts.gethash.cc,AVAILABILITY,domains.list,domains.list,2021-03-25 01:16:51.088403,b28c9fc4dc533458064fcd87
0chat.burstcoin.ml,AVAILABILITY,domains.list,domains.list,2021-03-25 01:16:51.574305,b28c9fc4dc533458064fcd87
0checkpoint.italocoin.com,AVAILABILITY,domains.list,domains.list,2021-03-25 01:16:52.127637,b28c9fc4dc533458064fcd87
0checkpoints.italocoin.com,AVAILABILITY,domains.list,domains.list,2021-03-25 01:16:52.683536,b28c9fc4dc533458064fcd87
0ci.cryptonight.net,AVAILABILITY,domains.list,domains.list,2021-03-25 01:17:03.732554,b28c9fc4dc533458064fcd87
0citicash.multipooler.com,AVAILABILITY,domains.list,domains.list,2021-03-25 01:17:04.344474,b28c9fc4dc533458064fcd87
0citrix.gethash.cc,AVAILABILITY,domains.list,domains.list,2021-03-25 01:17:04.754202,b28c9fc4dc533458064fcd87
0client.ccminer.org,AVAILABILITY,domains.list,domains.list,2021-03-25 01:17:06.362629,b28c9fc4dc533458064fcd87
0clients.angrypool.com,AVAILABILITY,domains.list,domains.list,2021-03-25 01:17:07.274693,b28c9fc4dc533458064fcd87
0clo.letshash.online,AVAILABILITY,domains.list,domains.list,2021-03-25 01:17:11.451127,b28c9fc4dc533458064fcd87
0clo-solo.veriblockpool.com,AVAILABILITY,domains.list,domains.list,2021-03-25 01:17:12.241586,b28c9fc4dc533458064fcd87
0clot.poolerino.com,AVAILABILITY,domains.list,domains.list,2021-03-25 01:17:12.709405,b28c9fc4dc533458064fcd87
0cms.nexious.com,AVAILABILITY,domains.list,domains.list,2021-03-25 01:17:13.316559,b28c9fc4dc533458064fcd87
0cmt.veriblockpool.com,AVAILABILITY,domains.list,domains.list,2021-03-25 01:17:13.777612,b28c9fc4dc533458064fcd87
0cn05.veriblockpool.com,AVAILABILITY,domains.list,domains.list,2021-03-25 01:17:14.676946,b28c9fc4dc533458064fcd87
0cn.bitcoin.com,AVAILABILITY,domains.list,domains.list,2021-03-25 01:17:17.090486,b28c9fc4dc533458064fcd87
0cn.eu.bitcoin.com,AVAILABILITY,domains.list,domains.list,2021-03-25 01:17:17.929981,b28c9fc4dc533458064fcd87
0cn.ru.bitcoin.com,AVAILABILITY,domains.list,domains.list,2021-03-25 01:17:18.663485,b28c9fc4dc533458064fcd87
0cn.us.bitcoin.com,AVAILABILITY,domains.list,domains.list,2021-03-25 01:17:22.577708,b28c9fc4dc533458064fcd87
0cname.cryptaloot.pro,AVAILABILITY,domains.list,domains.list,2021-03-25 01:17:23.116351,b28c9fc4dc533458064fcd87
0cno.liike.website,AVAILABILITY,domains.list,domains.list,2021-03-25 01:17:28.345171,b28c9fc4dc533458064fcd87
0coin1.coinminer.net,AVAILABILITY,domains.list,domains.list,2021-03-25 01:17:28.729792,b28c9fc4dc533458064fcd87
0coin.easyhash.io,AVAILABILITY,domains.list,domains.list,2021-03-25 01:17:34.338949,b28c9fc4dc533458064fcd87
0com.binance.com,AVAILABILITY,domains.list,domains.list,2021-03-25 01:17:34.742293,b28c9fc4dc533458064fcd87
0comune.dashminer.com,AVAILABILITY,domains.list,domains.list,2021-03-25 01:17:35.180449,b28c9fc4dc533458064fcd87
0comune.teamdoge.com,AVAILABILITY,domains.list,domains.list,2021-03-25 01:17:46.024749,b28c9fc4dc533458064fcd87
0conceal.my-mining-pool.de,AVAILABILITY,domains.list,domains.list,2021-03-25 01:17:46.705528,b28c9fc4dc533458064fcd87
0conf.mining.garden,AVAILABILITY,domains.list,domains.list,2021-03-25 01:17:47.123557,b28c9fc4dc533458064fcd87
0conference.veriblockpool.com,AVAILABILITY,domains.list,domains.list,2021-03-25 01:17:47.581868,b28c9fc4dc533458064fcd87
0connect.gethash.cc,AVAILABILITY,domains.list,domains.list,2021-03-25 01:17:48.023049,b28c9fc4dc533458064fcd87
0contacts.cryptonight.net,AVAILABILITY,domains.list,domains.list,2021-03-25 01:17:48.588335,b28c9fc4dc533458064fcd87
0control.cryptonight.net,AVAILABILITY,domains.list,domains.list,2021-03-25 01:17:49.111353,b28c9fc4dc533458064fcd87
0controlp.ccminer.org,AVAILABILITY,domains.list,domains.list,2021-03-25 01:17:55.139932,b28c9fc4dc533458064fcd87
0corp.api.agryt.ru,AVAILABILITY,domains.list,domains.list,2021-03-25 01:17:56.635486,b28c9fc4dc533458064fcd87
0corp.ccminer.org,AVAILABILITY,domains.list,domains.list,2021-03-25 01:17:57.885473,b28c9fc4dc533458064fcd87
0correo.803mine.com,AVAILABILITY,domains.list,domains.list,2021-03-25 01:17:59.167990,b28c9fc4dc533458064fcd87
0correo.bittube.app,AVAILABILITY,domains.list,domains.list,2021-03-25 01:18:00.408430,b28c9fc4dc533458064fcd87
0correo.dark-mine.su,AVAILABILITY,domains.list,domains.list,2021-03-25 01:18:02.651467,b28c9fc4dc533458064fcd87
0countdown.bytecoins.world,AVAILABILITY,domains.list,domains.list,2021-03-25 01:18:03.080744,b28c9fc4dc533458064fcd87
0cp.minerpool.net,AVAILABILITY,domains.list,domains.list,2021-03-25 01:18:09.820566,b28c9fc4dc533458064fcd87
0cpa.cnhub.de,AVAILABILITY,domains.list,domains.list,2021-03-25 01:18:11.226815,b28c9fc4dc533458064fcd87
0cpacoin.my-mining-pool.de,AVAILABILITY,domains.list,domains.list,2021-03-25 01:18:12.997602,b28c9fc4dc533458064fcd87
0cpanel.antminereurope.com,AVAILABILITY,domains.list,domains.list,2021-03-25 01:18:13.529375,b28c9fc4dc533458064fcd87
0cpanel.antminer-store.com,AVAILABILITY,domains.list,domains.list,2021-03-25 01:18:14.036243,b28c9fc4dc533458064fcd87
0cpanel.kievpool.com,AVAILABILITY,domains.list,domains.list,2021-03-25 01:18:14.891295,b28c9fc4dc533458064fcd87
0cpanel.miningpool.online,AVAILABILITY,domains.list,domains.list,2021-03-25 01:18:16.030286,b28c9fc4dc533458064fcd87
0cpv.chunkypools.com,AVAILABILITY,domains.list,domains.list,2021-03-25 01:18:16.554527,b28c9fc4dc533458064fcd87
0crab.acc-pool.pw,AVAILABILITY,domains.list,domains.list,2021-03-25 01:18:22.731550,b28c9fc4dc533458064fcd87
0creat.api.cryptopool.eu,AVAILABILITY,domains.list,domains.list,2021-03-25 01:18:24.250776,b28c9fc4dc533458064fcd87
0crfi.letshash.online,AVAILABILITY,domains.list,domains.list,2021-03-25 01:18:30.878159,b28c9fc4dc533458064fcd87
0croat.fairhash.org,AVAILABILITY,domains.list,domains.list,2021-03-25 01:18:31.403401,b28c9fc4dc533458064fcd87
0cs.chunkypools.com,AVAILABILITY,domains.list,domains.list,2021-03-25 01:18:31.845460,b28c9fc4dc533458064fcd87
0csc.poolto.be,AVAILABILITY,domains.list,domains.list,2021-03-25 01:18:49.687830,b28c9fc4dc533458064fcd87
0ctic2.acc-pool.pw,AVAILABILITY,domains.list,domains.list,2021-03-25 01:18:50.493044,b28c9fc4dc533458064fcd87
0cvs.coin-hive.com,AVAILABILITY,domains.list,domains.list,2021-03-25 01:18:51.110943,b28c9fc4dc533458064fcd87
0cvs.cryptonight.net,AVAILABILITY,domains.list,domains.list,2021-03-25 01:18:51.678180,b28c9fc4dc533458064fcd87
0cwy.api.cryptopool.eu,AVAILABILITY,domains.list,domains.list,2021-03-25 01:18:52.268067,b28c9fc4dc533458064fcd87
0cyoysbm0jz87yzi6mjzkpkv8o5im.f.api.binance.com,AVAILABILITY,domains.list,domains.list,2021-03-25 01:18:52.734292,b28c9fc4dc533458064fcd87
0cyoysbm0jz87yzi6mjzkpkv8o5im.f.dev.api.binance.com,AVAILABILITY,domains.list,domains.list,2021-03-25 01:18:53.127972,b28c9fc4dc533458064fcd87
0cyoysbm0jz87yzi6mjzkpkv8o5im.f.eu.api.binance.com,AVAILABILITY,domains.list,domains.list,2021-03-25 01:18:55.217936,b28c9fc4dc533458064fcd87
0cyoysbm0jz87yzi6mjzkpkv8o5im.f.us.api.binance.com,AVAILABILITY,domains.list,domains.list,2021-03-25 01:18:55.664503,b28c9fc4dc533458064fcd87
0cz01.bohemianpool.com,AVAILABILITY,domains.list,domains.list,2021-03-25 01:18:57.315123,b28c9fc4dc533458064fcd87
0d0kice53fwifxvwbci.btcguild.com,AVAILABILITY,domains.list,domains.list,2021-03-25 01:18:57.778721,b28c9fc4dc533458064fcd87
0dac.moricpool.com,AVAILABILITY,domains.list,domains.list,2021-03-25 01:18:59.088489,b28c9fc4dc533458064fcd87
0daemon.viaxmr.com,AVAILABILITY,domains.list,domains.list,2021-03-25 01:19:01.400156,b28c9fc4dc533458064fcd87
0dash.veriblockpool.com,AVAILABILITY,domains.list,domains.list,2021-03-25 01:19:02.364104,b28c9fc4dc533458064fcd87
0dash-fl.hashing.space,AVAILABILITY,domains.list,domains.list,2021-03-25 01:19:11.304216,b28c9fc4dc533458064fcd87
0database-1.minercircle.com,AVAILABILITY,domains.list,domains.list,2021-03-25 01:19:22.950789,b28c9fc4dc533458064fcd87
0database-2.minercircle.com,AVAILABILITY,domains.list,domains.list,2021-03-25 01:19:23.399976,b28c9fc4dc533458064fcd87
0database.minercircle.com,AVAILABILITY,domains.list,domains.list,2021-03-25 01:19:23.902893,b28c9fc4dc533458064fcd87
0db2.cryptonight.net,AVAILABILITY,domains.list,domains.list,2021-03-25 01:19:24.449793,b28c9fc4dc533458064fcd87
0db.bitcoin.com,AVAILABILITY,domains.list,domains.list,2021-03-25 01:19:31.686973,b28c9fc4dc533458064fcd87
0db.eu.bitcoin.com,AVAILABILITY,domains.list,domains.list,2021-03-25 01:19:32.716800,b28c9fc4dc533458064fcd87
0db.ru.bitcoin.com,AVAILABILITY,domains.list,domains.list,2021-03-25 01:19:33.671410,b28c9fc4dc533458064fcd87
0db.us.bitcoin.com,AVAILABILITY,domains.list,domains.list,2021-03-25 01:19:36.882791,b28c9fc4dc533458064fcd87
0dbadmin.cryptonight.net,AVAILABILITY,domains.list,domains.list,2021-03-25 01:19:37.544278,b28c9fc4dc533458064fcd87
0dbg-odo.mcmpool.eu,AVAILABILITY,domains.list,domains.list,2021-03-25 01:19:38.585795,b28c9fc4dc533458064fcd87
0dbix.hashcity.org,AVAILABILITY,domains.list,domains.list,2021-03-25 01:19:39.345082,b28c9fc4dc533458064fcd87
0dc-cd65dbd83ac5.antminereurope.com,AVAILABILITY,domains.list,domains.list,2021-03-25 01:19:40.078558,b28c9fc4dc533458064fcd87
0dc-e6312e952e03.coronatoken.org,AVAILABILITY,domains.list,domains.list,2021-03-25 01:19:40.502891,b28c9fc4dc533458064fcd87
0dcr.gethash.cc,AVAILABILITY,domains.list,domains.list,2021-03-25 01:19:41.101071,b28c9fc4dc533458064fcd87
0de02.noobxmr.com,AVAILABILITY,domains.list,domains.list,2021-03-25 01:19:41.693424,b28c9fc4dc533458064fcd87
0de.50btc.com,AVAILABILITY,domains.list,domains.list,2021-03-25 01:19:44.833474,b28c9fc4dc533458064fcd87
0de.hashcity.org,AVAILABILITY,domains.list,domains.list,2021-03-25 01:19:45.809696,b28c9fc4dc533458064fcd87
0de.minerpool.net,AVAILABILITY,domains.list,domains.list,2021-03-25 01:19:48.640495,b28c9fc4dc533458064fcd87
0deathbet.coronatoken.org,AVAILABILITY,domains.list,domains.list,2021-03-25 01:19:49.130360,b28c9fc4dc533458064fcd87
0degenstats.actinium.org,AVAILABILITY,domains.list,domains.list,2021-03-25 01:19:49.591774,b28c9fc4dc533458064fcd87
0demo2.cryptonight.net,AVAILABILITY,domains.list,domains.list,2021-03-25 01:19:50.119080,b28c9fc4dc533458064fcd87
0demo.api.agryt.ru,AVAILABILITY,domains.list,domains.list,2021-03-25 01:19:51.212392,b28c9fc4dc533458064fcd87
0demo.cryptonight.net,AVAILABILITY,domains.list,domains.list,2021-03-25 01:19:51.856328,b28c9fc4dc533458064fcd87
0demo.crypto-webminer.com,AVAILABILITY,domains.list,domains.list,2021-03-25 01:19:52.396570,b28c9fc4dc533458064fcd87
0demo.devphp.org.ua,AVAILABILITY,domains.list,domains.list,2021-03-25 01:19:54.260958,b28c9fc4dc533458064fcd87
0demo.gethash.cc,AVAILABILITY,domains.list,domains.list,2021-03-25 01:19:54.707622,b28c9fc4dc533458064fcd87
0demo.wowne.ro,AVAILABILITY,domains.list,domains.list,2021-03-25 01:19:56.461961,b28c9fc4dc533458064fcd87
0demon.ccminer.org,AVAILABILITY,domains.list,domains.list,2021-03-25 01:19:57.560887,b28c9fc4dc533458064fcd87
0demostration.ccminer.org,AVAILABILITY,domains.list,domains.list,2021-03-25 01:19:58.087595,b28c9fc4dc533458064fcd87
0dero.fairhash.org,AVAILABILITY,domains.list,domains.list,2021-03-25 01:20:03.811903,b28c9fc4dc533458064fcd87
0dev1.cryptonight.net,AVAILABILITY,domains.list,domains.list,2021-03-25 01:20:04.408072,b28c9fc4dc533458064fcd87
0dev01.cryptonight.net,AVAILABILITY,domains.list,domains.list,2021-03-25 01:20:04.859802,b28c9fc4dc533458064fcd87
0dev2.ccminer.org,AVAILABILITY,domains.list,domains.list,2021-03-25 01:20:06.105332,b28c9fc4dc533458064fcd87
0dev.argoneum.net,AVAILABILITY,domains.list,domains.list,2021-03-25 01:20:12.864663,b28c9fc4dc533458064fcd87
0dev.btczpool.com,AVAILABILITY,domains.list,domains.list,2021-03-25 01:20:13.594721,b28c9fc4dc533458064fcd87
0dev.equihub.pro,AVAILABILITY,domains.list,domains.list,2021-03-25 01:20:14.060503,b28c9fc4dc533458064fcd87
0dev.mine2.live,AVAILABILITY,domains.list,domains.list,2021-03-25 01:20:14.548302,b28c9fc4dc533458064fcd87
0dev.miningpool.tech,AVAILABILITY,domains.list,domains.list,2021-03-25 01:20:23.931855,b28c9fc4dc533458064fcd87
0dev-platform.argoneum.net,AVAILABILITY,domains.list,domains.list,2021-03-25 01:20:40.054759,b28c9fc4dc533458064fcd87
0dgb-qubit.theblocksfactory.com,AVAILABILITY,domains.list,domains.list,2021-03-25 01:20:40.860333,b28c9fc4dc533458064fcd87
0dgb-scrypt-nl.hashing.space,AVAILABILITY,domains.list,domains.list,2021-03-25 01:20:46.770997,b28c9fc4dc533458064fcd87
0dgb-sha256d-tx.hashing.space,AVAILABILITY,domains.list,domains.list,2021-03-25 01:20:47.470666,b28c9fc4dc533458064fcd87
0dgb-sha256d-wa.hashing.space,AVAILABILITY,domains.list,domains.list,2021-03-25 01:20:50.394937,b28c9fc4dc533458064fcd87
0dgb-sha.minerpools.us,AVAILABILITY,domains.list,domains.list,2021-03-25 01:20:50.868811,b28c9fc4dc533458064fcd87
0dgb-skein.theblocksfactory.com,AVAILABILITY,domains.list,domains.list,2021-03-25 01:20:51.789638,b28c9fc4dc533458064fcd87
0diana.cryptonight.net,AVAILABILITY,domains.list,domains.list,2021-03-25 01:20:57.559612,b28c9fc4dc533458064fcd87
0digimoney.multipools.club,AVAILABILITY,domains.list,domains.list,2021-03-25 01:20:58.423669,b28c9fc4dc533458064fcd87
0dinastycoin.crypto-webminer.com,AVAILABILITY,domains.list,domains.list,2021-03-25 01:20:59.767797,b28c9fc4dc533458064fcd87
0direct.cryptopool.eu,AVAILABILITY,domains.list,domains.list,2021-03-25 01:21:00.305807,b28c9fc4dc533458064fcd87
0direct.nexious.com,AVAILABILITY,domains.list,domains.list,2021-03-25 01:21:01.183687,b28c9fc4dc533458064fcd87
0discord.actinium.org,AVAILABILITY,domains.list,domains.list,2021-03-25 01:21:01.592489,b28c9fc4dc533458064fcd87
0di-u27b5b581-c233-s1507890869-i95143f0d.am.api.binance.com,AVAILABILITY,domains.list,domains.list,2021-03-25 01:21:02.029865,b28c9fc4dc533458064fcd87
0di-u27b5b581-c233-s1507890869-i95143f0d.am.dev.api.binance.com,AVAILABILITY,domains.list,domains.list,2021-03-25 01:21:02.516667,b28c9fc4dc533458064fcd87
0di-u27b5b581-c233-s1507890869-i95143f0d.am.eu.api.binance.com,AVAILABILITY,domains.list,domains.list,2021-03-25 01:21:06.025143,b28c9fc4dc533458064fcd87
0di-u27b5b581-c233-s1507890869-i95143f0d.am.us.api.binance.com,AVAILABILITY,domains.list,domains.list,2021-03-25 01:21:06.480626,b28c9fc4dc533458064fcd87
0di-u35f75d2a-c233-s1507461470-i95143f0d.am.api.binance.com,AVAILABILITY,domains.list,domains.list,2021-03-25 01:21:12.351276,b28c9fc4dc533458064fcd87
0di-u35f75d2a-c233-s1507461470-i95143f0d.am.dev.api.binance.com,AVAILABILITY,domains.list,domains.list,2021-03-25 01:21:12.785413,b28c9fc4dc533458064fcd87
0di-u35f75d2a-c233-s1507461470-i95143f0d.am.eu.api.binance.com,AVAILABILITY,domains.list,domains.list,2021-03-25 01:21:18.469948,b28c9fc4dc533458064fcd87
0di-u35f75d2a-c233-s1507461470-i95143f0d.am.us.api.binance.com,AVAILABILITY,domains.list,domains.list,2021-03-25 01:21:18.929956,b28c9fc4dc533458064fcd87
0di-u48f48245-c233-s1507655587-i95143f0d.am.api.binance.com,AVAILABILITY,domains.list,domains.list,2021-03-25 01:21:19.464629,b28c9fc4dc533458064fcd87
0di-u48f48245-c233-s1507655587-i95143f0d.am.dev.api.binance.com,AVAILABILITY,domains.list,domains.list,2021-03-25 01:21:25.217339,b28c9fc4dc533458064fcd87
0di-u48f48245-c233-s1507655587-i95143f0d.am.eu.api.binance.com,AVAILABILITY,domains.list,domains.list,2021-03-25 01:21:27.371852,b28c9fc4dc533458064fcd87
0di-u48f48245-c233-s1507655587-i95143f0d.am.us.api.binance.com,AVAILABILITY,domains.list,domains.list,2021-03-25 01:21:27.972957,b28c9fc4dc533458064fcd87
0di-u90a337c4-c233-s1507192491-i95143f0d.am.api.binance.com,AVAILABILITY,domains.list,domains.list,2021-03-25 01:21:28.371359,b28c9fc4dc533458064fcd87
0di-u90a337c4-c233-s1507192491-i95143f0d.am.dev.api.binance.com,AVAILABILITY,domains.list,domains.list,2021-03-25 01:21:28.838000,b28c9fc4dc533458064fcd87
0di-u90a337c4-c233-s1507192491-i95143f0d.am.eu.api.binance.com,AVAILABILITY,domains.list,domains.list,2021-03-25 01:21:29.232961,b28c9fc4dc533458064fcd87
0di-u90a337c4-c233-s1507192491-i95143f0d.am.us.api.binance.com,AVAILABILITY,domains.list,domains.list,2021-03-25 01:21:34.863119,b28c9fc4dc533458064fcd87
0di-u649dcea2-c233-s1507153358-i95143f0d.am.api.binance.com,AVAILABILITY,domains.list,domains.list,2021-03-25 01:21:35.386541,b28c9fc4dc533458064fcd87
0di-u649dcea2-c233-s1507153358-i95143f0d.am.dev.api.binance.com,AVAILABILITY,domains.list,domains.list,2021-03-25 01:21:35.954960,b28c9fc4dc533458064fcd87
0di-u649dcea2-c233-s1507153358-i95143f0d.am.eu.api.binance.com,AVAILABILITY,domains.list,domains.list,2021-03-25 01:21:36.518974,b28c9fc4dc533458064fcd87
0di-u649dcea2-c233-s1507153358-i95143f0d.am.us.api.binance.com,AVAILABILITY,domains.list,domains.list,2021-03-25 01:21:36.930998,b28c9fc4dc533458064fcd87
0di-u7737e8c5-c233-s1507301301-i95143f0d.am.api.binance.com,AVAILABILITY,domains.list,domains.list,2021-03-25 01:21:37.372689,b28c9fc4dc533458064fcd87
0di-u7737e8c5-c233-s1507301301-i95143f0d.am.dev.api.binance.com,AVAILABILITY,domains.list,domains.list,2021-03-25 01:21:37.778898,b28c9fc4dc533458064fcd87
0di-u7737e8c5-c233-s1507301301-i95143f0d.am.eu.api.binance.com,AVAILABILITY,domains.list,domains.list,2021-03-25 01:21:39.716536,b28c9fc4dc533458064fcd87
0di-u7737e8c5-c233-s1507301301-i95143f0d.am.us.api.binance.com,AVAILABILITY,domains.list,domains.list,2021-03-25 01:21:40.128548,b28c9fc4dc533458064fcd87
0di-ufd06a69f-c233-s1507044967-i95143f0d.am.api.binance.com,AVAILABILITY,domains.list,domains.list,2021-03-25 01:21:40.547161,b28c9fc4dc533458064fcd87
0di-ufd06a69f-c233-s1507044967-i95143f0d.am.dev.api.binance.com,AVAILABILITY,domains.list,domains.list,2021-03-25 01:21:41.046173,b28c9fc4dc533458064fcd87
0di-ufd06a69f-c233-s1507044967-i95143f0d.am.eu.api.binance.com,AVAILABILITY,domains.list,domains.list,2021-03-25 01:21:48.160693,b28c9fc4dc533458064fcd87
0di-ufd06a69f-c233-s1507044967-i95143f0d.am.us.api.binance.com,AVAILABILITY,domains.list,domains.list,2021-03-25 01:21:48.637225,b28c9fc4dc533458064fcd87
0dmarc.multipools.club,AVAILABILITY,domains.list,domains.list,2021-03-25 01:21:54.641593,b28c9fc4dc533458064fcd87
0dmz.crypto-webminer.com,AVAILABILITY,domains.list,domains.list,2021-03-25 01:22:00.840453,b28c9fc4dc533458064fcd87
0dns1.gethash.cc,AVAILABILITY,domains.list,domains.list,2021-03-25 01:22:01.294121,b28c9fc4dc533458064fcd87
0dnsseed.italocoin.com,AVAILABILITY,domains.list,domains.list,2021-03-25 01:22:07.421035,b28c9fc4dc533458064fcd87
0dnsseed.kipcoin.org,AVAILABILITY,domains.list,domains.list,2021-03-25 01:22:13.672753,b28c9fc4dc533458064fcd87
